OS;Count;signalHsmm;signalP;diff;sp_count
Agrotis ipsilon (Black cutworm moth).;2;1;0,5;0,5;1
Anopheles stephensi (Indo-Pakistan malaria mosquito).;3;1;0,5;0,5;1
Caenorhabditis remanei (Caenorhabditis vulgaris).;25;1;0,5;0,5;1
Cercospora nicotianae (Barn spot disease fungus).;20;1;0,5;0,5;1
Leishmania tropica.;2;1;0,5;0,5;1
Lipomyces kononenkoae (Yeast).;2;1;0,5;0,5;1
Loxosceles arizonica (Arizona brown spider).;13;1;0,5;0,5;1
Marmota himalayana (Himalayan marmot).;20;1;0,5;0,5;1
Numida meleagris (Helmeted guineafowl).;21;1;0,5;0,5;1
Perilla frutescens (Beefsteak mint) (Perilla ocymoides).;6;1;0,5;0,5;2
Petunia integrifolia (Violet-flowered petunia) (Salpiglossis integrifolia).;3;1;0,5;0,5;1
Phaeodactylum tricornutum.;98;1;0,5;0,5;1
Phytophthora infestans (strain T30-4) (Potato late blight fungus).;46;1;0,5;0,5;1
Plasmodium falciparum (isolate fcm17 / Senegal).;2;1;0,5;0,5;1
Polybia paulista (Neotropical social wasp) (Swarm-founding polistine wasp).;4;1;0,5;0,5;1
Riptortus clavatus (Bean bug).;2;1;0,5;0,5;1
Saccharomyces bayanus (Yeast) (Saccharomyces uvarum x Saccharomyces eubayanus).;26;1;0,5;0,5;1
Trametes hirsuta (White-rot fungus) (Coriolus hirsutus).;20;1;0,5;0,5;1
Verbena hybrida (Garden vervain) (Verbena hortensis).;2;1;0,5;0,5;1
Trypanosoma cruzi (strain CL Brener).;142;1;0,503546099;0,496453901;1
Coffea arabica (Arabian coffee).;127;0,992063492;0,5;0,492063492;1
Vigna radiata var. radiata (Mung bean) (Phaseolus aureus).;53;0,980769231;0,5;0,480769231;1
Crithidia fasciculata.;59;0,896551724;0,5;0,396551724;1
Brassica oleracea (Wild cabbage).;51;1;0,666666667;0,333333333;3
Sarcocystis muris.;4;1;0,666666667;0,333333333;3
Drosophila hydei (Fruit fly).;34;0,818181818;0,5;0,318181818;1
Trichoplax adhaerens (Trichoplax reptans).;111;0,818181818;0,5;0,318181818;1
Leishmania chagasi.;6;0,8;0,5;0,3;1
Phycomyces blakesleeanus (strain ATCC 8743b / FGSC 10004 / NBRC 33097 / NRRL 1555).;6;0,8;0,5;0,3;1
Plasmodium falciparum (isolate Camp / Malaysia).;23;0,966666667;0,666666667;0,3;3
Cucumis sativus (Cucumber).;271;0,777777778;0,5;0,277777778;1
Abrus precatorius (Indian licorice) (Glycine abrus).;5;1;0,75;0,25;2
Aspergillus kawachii (White koji mold) (Aspergillus awamori var. kawachi).;4;1;0,75;0,25;2
Bryonia dioica (Red bryony) (Bryonia cretica subsp. dioica).;3;1;0,75;0,25;2
Conus radiatus (Rayed cone).;3;1;0,75;0,25;2
Culex quinquefasciatus (Southern house mosquito) (Culex pungens).;507;1;0,75;0,25;2
Gibberella fujikuroi (Bakanae and foot rot disease fungus) (Fusarium fujikuroi).;47;1;0,75;0,25;2
Hypophthalmichthys nobilis (Bighead carp) (Aristichthys nobilis).;3;1;0,75;0,25;2
Phasianus colchicus colchicus (Black-necked pheasant).;5;1;0,75;0,25;2
Plasmodium falciparum (isolate 7G8).;3;1;0,75;0,25;2
Plasmodium falciparum (isolate K1 / Thailand).;105;1;0,75;0,25;2
Plasmodium falciparum (isolate NF7 / Ghana).;22;1;0,75;0,25;2
Plasmodium falciparum.;118;1;0,75;0,25;6
Plasmodium vivax (strain Salvador I).;103;0,910891089;0,660891089;0,25;2
Populus deltoides (Eastern poplar) (Eastern cottonwood).;4;0,75;0,5;0,25;2
Triakis scyllium (Banded houndshark) (Hemigaleus pingi).;3;1;0,75;0,25;1
Plasmodium knowlesi (strain H).;50;0,979166667;0,739583333;0,239583333;2
Saccharomyces paradoxus (Yeast) (Saccharomyces douglasii).;33;0,983870968;0,75;0,233870968;2
Plasmodium falciparum (isolate FCR-3 / Gambia).;27;0,956521739;0,72826087;0,22826087;4
Plasmodium falciparum (isolate 3D7).;428;0,938574939;0,737334737;0,201240201;21
Plasmodium berghei (strain Anka).;72;0,946969697;0,75;0,196969697;6
Selaginella moellendorffii (Spikemoss).;36;0,941176471;0,75;0,191176471;2
Dianthus caryophyllus (Carnation) (Clove pink).;129;1;0,833333333;0,166666667;3
Latrodectus hesperus (Western black widow spider).;4;1;0,833333333;0,166666667;3
Neospora caninum (Coccidian parasite).;5;1;0,833333333;0,166666667;2
Plasmodium falciparum (isolate FC27 / Papua New Guinea).;21;1;0,833333333;0,166666667;3
Poa pratensis (Kentucky bluegrass) (Phalaris japonica).;21;1;0,833333333;0,166666667;3
Salvelinus fontinalis (Brook trout) (Salmo fontinalis).;4;1;0,833333333;0,166666667;1
Leishmania amazonensis.;25;0,913043478;0,75;0,163043478;2
Drosophila mojavensis (Fruit fly).;647;0,971841052;0,818181818;0,153659234;11
Theileria annulata.;99;0,9;0,75;0,15;4
Aplysia californica (California sea hare).;65;0,908;0,76;0,148;25
Musca domestica (House fly).;56;0,955974843;0,823899371;0,132075472;3
Coturnix coturnix (Common quail) (Tetrao coturnix).;7;1;0,875;0,125;4
Solanum pennellii (Tomato) (Lycopersicon pennellii).;6;1;0,875;0,125;2
Viscum album (European mistletoe).;5;1;0,875;0,125;4
Zinnia violacea (Garden zinnia) (Zinnia elegans).;7;1;0,875;0,125;4
Scheffersomyces stipitis (strain ATCC 58785 / CBS 6054 / NBRC 10063 / NRRL Y-11545) (Yeast) (Pichia stipitis).;996;0,992439516;0,875;0,117439516;4
Ricinus communis (Castor bean).;181;0,992052023;0,875;0,117052023;8
Halocynthia roretzi (Sea squirt) (Cynthia roretzi).;22;0,947368421;0,833333333;0,114035088;3
Hydra vulgaris (Hydra) (Hydra attenuata).;42;1;0,888888889;0,111111111;9
Petunia hybrida (Petunia).;248;0,969547325;0,865020576;0,104526749;5
Drosophila willistoni (Fruit fly).;661;0,99958042;0,896013986;0,103566434;11
Haemonchus contortus (Barber pole worm).;33;1;0,9;0,1;5
Metarhizium anisopliae (Entomophthora anisopliae).;10;1;0,9;0,1;5
Trametes versicolor (White-rot fungus) (Coriolus versicolor).;21;1;0,9;0,1;5
Asparagus officinalis (Garden asparagus).;7;1;0,916666667;0,083333333;1
Mytilus californianus (California mussel).;9;1;0,916666667;0,083333333;3
Plasmodium yoelii yoelii.;97;1;0,916666667;0,083333333;6
Alligator mississippiensis (American alligator).;122;1;0,917355372;0,082644628;1
Coccidioides immitis (strain RS) (Valley fever fungus).;1071;0,997183099;0,916197183;0,080985915;6
Drosophila persimilis (Fruit fly).;635;0,995948136;0,916666667;0,079281469;18
Pleurodeles waltl (Iberian ribbed newt).;47;0,995934959;0,916666667;0,079268293;6
Ailuropoda melanoleuca (Giant panda).;165;0,986486486;0,908386328;0,078100159;17
Brugia malayi (Filarial nematode worm).;254;0,953;0,875;0,078;4
Drosophila virilis (Fruit fly).;928;0,986002408;0,909090909;0,076911499;22
Drosophila grimshawi (Fruit fly) (Idiomyia grimshawi).;650;0,919699012;0,842991914;0,076707098;14
Apium graveolens (Celery).;8;1;0,928571429;0,071428571;1
Blumeria graminis f. sp. hordei (Barley powdery mildew) (Oidium monilioides f. sp. hordei).;8;1;0,928571429;0,071428571;1
Lens culinaris (Lentil) (Cicer lens).;8;1;0,928571429;0,071428571;7
Marmota monax (Woodchuck).;32;1;0,928571429;0,071428571;7
Cochliobolus carbonum (Bipolaris zeicola).;13;0,944444444;0,875;0,069444444;4
Leishmania major.;224;0,565022422;0,5;0,065022422;1
Bison bison (American bison) (Bos bison).;9;1;0,9375;0,0625;1
Chaetomium globosum (strain ATCC 6205 / CBS 148.51 / DSM 1962 / NBRC 6347 / NRRL 1970) (Soil fungus).;975;0,935633368;0,873455201;0,062178167;4
Vicia faba (Broad bean) (Faba vulgaris).;151;0,97816092;0,916666667;0,061494253;6
Colletotrichum gloeosporioides (Anthracnose fungus) (Glomerella cingulata).;14;0,848484848;0,787878788;0,060606061;3
Drosophila pseudoobscura pseudoobscura (Fruit fly).;1302;0,995152559;0,936712598;0,058439961;32
Drosophila ananassae (Fruit fly).;698;0,993126833;0,9375;0,055626833;16
Bothrops jararacussu (Jararacussu).;12;1;0,944444444;0,055555556;9
Lottia gigantea (Giant owl limpet).;51;1;0,944444444;0,055555556;27
Lodderomyces elongisporus (strain ATCC 11503 / CBS 2605 / JCM 1781 / NBRC 1676 / NRRL YB-4239) (Yeast) (Saccharomyces elongisporus).;781;0,983880253;0,932138745;0,051741508;9
Xenopus tropicalis (Western clawed frog) (Silurana tropicalis).;5491;0,965353342;0,915235081;0,05011826;119
Trichoderma harzianum (Hypocrea lixii).;18;1;0,95;0,05;10
Meyerozyma guilliermondii (strain ATCC 6260 / CBS 566 / DSM 6381 / JCM 1539 / NBRC 10279 / NRRL Y-324) (Yeast) (Candida guilliermondii).;935;0,983321334;0,933645308;0,049676026;9
Kluyveromyces lactis (strain ATCC 8585 / CBS 2359 / DSM 70799 / NBRC 1267 / NRRL Y-1140 / WM37) (Yeast) (Candida sphaerica).;3067;0,961635091;0,913967257;0,047667834;32
Leishmania mexicana.;14;0,878787879;0,833333333;0,045454545;3
Naja kaouthia (Monocled cobra) (Naja siamensis).;16;1;0,954545455;0,045454545;11
Entamoeba histolytica.;183;0,996828753;0,951638478;0,045190275;11
Arabidopsis thaliana (Mouse-ear cress).;45143;0,973245593;0,928781774;0,044463819;1920
Leishmania donovani.;137;0,544117647;0,5;0,044117647;1
Daucus carota (Wild carrot).;406;0,84280303;0,798737374;0,044065657;10
Botryotinia fuckeliana (strain B05.10) (Noble rot fungus) (Botrytis cinerea).;672;0,955955956;0,915165165;0,040790791;6
Danio rerio (Zebrafish) (Brachydanio rerio).;9519;0,960078864;0,919607227;0,040471637;265
Rhizopus delemar (strain RA 99-880 / ATCC MYA-4621 / FGSC 9543 / NRRL 43880) (Mucormycosis agent) (Rhizopus arrhizus var. delemar).;141;0,984848485;0,944444444;0,04040404;9
Zygosaccharomyces rouxii (strain ATCC 2623 / CBS 732 / NBRC 1130 / NCYC 568 / NRRL Y-229) (Candida mogii).;370;0,96772924;0,928571429;0,039157812;7
Gloydius brevicaudus (Korean slamosa snake) (Agkistrodon halys brevicaudus).;22;1;0,961538462;0,038461538;13
Caenorhabditis briggsae.;1720;0,963197347;0,924975124;0,038222222;45
Debaryomyces hansenii (strain ATCC 36239 / CBS 767 / JCM 1990 / NBRC 0083 / IGC 2968) (Yeast) (Torulaspora hansenii).;2530;0,957372507;0,920799408;0,036573099;21
Dictyostelium discoideum (Slime mold).;10640;0,983437858;0,949856451;0,033581407;369
Gossypium hirsutum (Upland cotton) (Gossypium mexicanum).;305;1;0,966666667;0,033333333;5
Schizosaccharomyces pombe (strain 972 / ATCC 24843) (Fission yeast).;12140;0,958574541;0,925662955;0,032911586;202
Drosophila erecta (Fruit fly).;815;0,998938429;0,966666667;0,032271762;30
Meleagris gallopavo (Common turkey).;153;0,94858156;0,916666667;0,031914894;12
Ashbya gossypii (strain ATCC 10895 / CBS 109.51 / FGSC 9923 / NRRL Y-1056) (Yeast) (Eremothecium gossypii).;3225;0,953507106;0,921826532;0,031680573;26
Candida glabrata (strain ATCC 2001 / CBS 138 / JCM 3761 / NBRC 0622 / NRRL Y-65) (Yeast) (Torulopsis glabrata).;2990;0,97549756;0,947093829;0,028403731;29
Blomia tropicalis (Mite).;19;1;0,972222222;0,027777778;1
Oxyuranus microlepidotus (Inland taipan).;20;1;0,973684211;0,026315789;19
Apis mellifera (Honeybee).;189;0,995023885;0,96875;0,026273885;32
Drosophila melanogaster (Fruit fly).;11253;0,9659322;0,940796086;0,025136114;361
Myodes glareolus (Bank vole) (Clethrionomys glareolus).;21;1;0,975;0,025;1
Peromyscus leucopus (White-footed mouse).;22;1;0,976190476;0,023809524;1
Trachypithecus cristatus (Silvered leaf-monkey) (Presbytis cristata).;25;1;0,977272727;0,022727273;3
Xenopus laevis (African clawed frog).;11102;0,967370298;0,94519392;0,022176378;304
Homarus americanus (American lobster).;29;1;0,97826087;0,02173913;6
Persea americana (Avocado).;24;1;0,97826087;0,02173913;1
Metarhizium robertsii (strain ARSEF 23 / ATCC MYA-3075) (Metarhizium anisopliae (strain ARSEF 23)).;32;0,935897436;0,916666667;0,019230769;6
Drosophila simulans (Fruit fly).;802;0,968953634;0,952380952;0,016572682;42
Caenorhabditis elegans.;9177;0,941010512;0,924850732;0,01615978;438
Pyrenophora tritici-repentis (strain Pt-1C-BFP) (Wheat tan spot fungus) (Drechslera tritici-repentis).;186;0,950842697;0,934691011;0,016151685;8
Aspergillus clavatus (strain ATCC 1007 / CBS 513.65 / DSM 816 / NCTC 3887 / NRRL 1).;1154;0,977507806;0,962919594;0,014588212;56
Saccharomyces cerevisiae (strain ATCC 204508 / S288c) (Baker's yeast).;16831;0,926535019;0,912717022;0,013817997;311
Crotalus adamanteus (Eastern diamondback rattlesnake).;79;0,974358974;0,961538462;0,012820513;39
Pongo abelii (Sumatran orangutan) (Pongo pygmaeus abelii).;6965;0,945838892;0,934651133;0,011187759;235
Manduca sexta (Tobacco hawkmoth) (Tobacco hornworm).;305;0,995543672;0,984848485;0,010695187;33
Limulus polyphemus (Atlantic horseshoe crab).;56;1;0,990196078;0,009803922;5
Aotus trivirgatus (Three-striped night monkey) (Douroucouli).;55;0,946808511;0,9375;0,009308511;8
Encephalitozoon cuniculi (strain GB-M1) (Microsporidian parasite).;744;0,96299794;0,954326923;0,008671016;16
Lithobates catesbeiana (American bullfrog) (Rana catesbeiana).;197;0,981963335;0,973684211;0,008279125;19
Ipomoea batatas (Sweet potato) (Convolvulus batatas).;83;1;0,993243243;0,006756757;9
Solanum lycopersicum (Tomato) (Lycopersicon esculentum).;1016;0,960865088;0,954525689;0,006339398;45
Candida dubliniensis (strain CD36 / ATCC MYA-646 / CBS 7987 / NCPF 3949 / NRRL Y-17841) (Yeast).;246;0,966804979;0,960580913;0,006224066;5
Papio anubis (Olive baboon).;162;0,985205314;0,979166667;0,006038647;24
Oryzias latipes (Japanese rice fish) (Japanese killifish).;325;0,963510848;0,958333333;0,005177515;13
Bombyx mori (Silk moth).;459;0,996839357;0,99211557;0,004723787;76
Drosophila sechellia (Fruit fly).;776;0,981914637;0,977272727;0,00464191;22
Podospora anserina (Pleurage anserina).;120;1;0,995726496;0,004273504;3
Arthroderma benhamiae (strain ATCC MYA-4681 / CBS 112371) (Trichophyton mentagrophytes).;95;0,994545455;0,990909091;0,003636364;55
Euglena gracilis.;300;1;0,996655518;0,003344482;1
Callithrix jacchus (White-tufted-ear marmoset).;242;0,987853692;0,985714286;0,002139406;35
Populus trichocarpa (Western balsam poplar) (Populus balsamifera subsp. trichocarpa).;247;1;0,997942387;0,002057613;4
Nicotiana sylvestris (Wood tobacco) (South American tobacco).;262;1;0,998084291;0,001915709;1
Strongylocentrotus purpuratus (Purple sea urchin).;357;0,862012455;0,86086529;0,001147165;18
Nematostella vectensis (Starlet sea anemone).;552;0,999867233;0,999070632;0,000796601;14
Medicago sativa (Alfalfa).;130;0,996515679;0,995934959;0,00058072;7
Gallus gallus (Chicken).;6247;0,939827661;0,939390906;0,000436755;367
Acanthocheilonema viteae (Filarial nematode worm) (Dipetalonema viteae).;4;1;1;0;2
Acanthoscurria gomesiana (Tarantula spider) (Phormictopus pheopygus).;3;1;1;0;2
Acipenser baerii (Siberian sturgeon).;2;1;1;0;1
Acomys cahirinus (Cairo spiny mouse).;2;1;1;0;1
Acremonium chrysogenum (Cephalosporium acremonium).;46;1;1;0;1
Actinia equina (Beadlet anemone).;23;1;1;0;6
Actinidia chinensis (Kiwi) (Yangtao).;41;1;1;0;1
Actinidia deliciosa (Kiwi).;32;1;1;0;5
Aedes albopictus (Asian tiger mosquito) (Stegomyia albopicta).;27;1;1;0;1
Aegilops tauschii (Tausch's goatgrass) (Aegilops squarrosa).;2;1;1;0;1
Aepyceros melampus (Impala).;2;1;1;0;1
Agelenopsis aperta (North American funnel-web spider) (Agelenopsis gertschi).;3;1;1;0;2
Agkistrodon contortrix contortrix (Southern copperhead).;23;1;1;0;3
Agrocybe aegerita (Black poplar mushroom) (Agaricus aegerita).;4;1;1;0;1
Ajellomyces capsulatus (strain H88) (Darling's disease fungus) (Histoplasma capsulatum).;21;1;1;0;1
Allenopithecus nigroviridis (Allen's swamp monkey).;2;1;1;0;1
Alouatta seniculus (Red howler monkey).;6;1;1;0;1
Amaranthus caudatus (Love-lies-bleeding) (Inca-wheat).;2;1;1;0;1
Ambrosia artemisiifolia (Short ragweed).;9;1;1;0;6
Ambystoma mexicanum (Axolotl).;65;1;1;0;4
Ananas comosus (Pineapple) (Ananas ananas).;6;1;1;0;3
Ancylostoma caninum (Dog hookworm).;2;1;1;0;1
Androctonus australis (Sahara scorpion).;12;1;1;0;11
Anguilla anguilla (European freshwater eel) (Muraena anguilla).;74;1;1;0;5
Anisakis simplex (Herring worm).;3;1;1;0;1
Anser anser anser (Western greylag goose).;44;1;1;0;1
Antheraea mylitta (Tasar silkworm).;23;1;1;0;3
Antheraea pernyi (Chinese oak silk moth).;23;1;1;0;5
Anthonomus grandis (Boll weevil) (Anthonomus thurberiae).;2;1;1;0;1
Antilocapra americana (Pronghorn).;22;1;1;0;1
Antilope cervicapra (Blackbuck).;21;1;1;0;1
Aotus vociferans (Spix's owl monkey) (Noisy night monkey).;2;1;1;0;1
Aplysia kurodai (Kuroda's sea hare).;4;1;1;0;2
Apodemus sylvaticus (European woodmouse).;21;1;1;0;1
Arabidopsis halleri subsp. gemmifera (Arabis gemmifera).;2;1;1;0;1
Arabidopsis lyrata (Lyre-leaved rock-cress) (Arabis lyrata).;4;1;1;0;3
Arachis hypogaea (Peanut).;32;1;1;0;9
Arbacia punctulata (Punctuate sea urchin).;4;1;1;0;1
Argas monolakensis (Mono lake bird tick).;3;1;1;0;1
Argopecten irradians (Bay scallop) (Aequipecten irradians).;6;1;1;0;1
Armadillidium vulgare (Pillbug) (Pill woodlouse).;2;1;1;0;1
Armoracia rusticana (Horseradish) (Armoracia laphatifolia).;40;1;1;0;2
Artemisia vulgaris (Mugwort).;3;1;1;0;1
Arthroderma benhamiae (Trichophyton mentagrophytes).;15;1;1;0;14
Arthroderma otae (Microsporum canis).;11;1;1;0;10
Ascidia sydneiensis samea (Vanadium-rich ascidian).;2;1;1;0;1
Aspergillus aculeatus.;16;1;1;0;15
Aspergillus awamori (Black koji mold).;17;1;1;0;15
Aspergillus giganteus.;20;1;1;0;2
Aspergillus japonicus.;3;1;1;0;1
Aspergillus oryzae (Yellow koji mold).;5;1;1;0;4
Aspergillus phoenicis (Aspergillus saitoi).;6;1;1;0;4
Aspergillus sojae.;4;1;1;0;2
Astacus astacus (Noble crayfish) (Astacus fluviatilis).;3;1;1;0;1
Atelerix albiventris (Middle-African hedgehog) (Four-toed hedgehog).;10;1;1;0;3
Ateles geoffroyi (Black-handed spider monkey) (Geoffroy's spider monkey).;27;1;1;0;8
Ateles paniscus (Black spider monkey) (Red-faced black spider monkey).;4;1;1;0;2
Atheris nitschei (Great lakes bush viper).;2;1;1;0;1
Atheris squamigera (Variable bush viper).;2;1;1;0;1
Atropoides nummifer (Jumping pit viper) (Porthidium nummifer).;40;1;1;0;1
Aureobasidium pullulans (Black yeast) (Pullularia pullulans).;21;1;1;0;3
Austrelaps superbus (Lowland copperhead snake) (Hoplocephalus superbus).;48;1;1;0;29
Avena sativa (Oat).;21;1;1;0;6
Betula pendula (European white birch) (Betula verrucosa).;39;1;1;0;1
Bitis arietans (African puff adder).;33;1;1;0;9
Bitis gabonica (Gaboon adder) (Gaboon viper).;31;1;1;0;10
Bitis rhinoceros (West African gaboon viper) (Vipera rhinoceros).;3;1;1;0;2
Blaberus discoidalis (Tropical cockroach).;3;1;1;0;2
Blarina brevicauda (Northern short-tailed shrew).;22;1;1;0;1
Blumeria graminis (Powdery mildew) (Oidium monilioides).;4;1;1;0;1
Bombina orientalis (Oriental fire-bellied toad).;6;1;1;0;5
Bombus terrestris (Buff-tailed bumblebee) (Apis terrestris).;18;1;1;0;1
Bombyx mandarina (Wild silk moth) (Wild silkworm).;3;1;1;0;1
Bos gaurus frontalis (Domestic gayal) (Bos frontalis).;24;1;1;0;1
Bothriechis lateralis (Side-striped palm pitviper).;39;1;1;0;1
Bothriechis schlegelii (Eyelash palm pitviper).;20;1;1;0;2
Bothrops alternatus (Urutu) (Rhinocerophis alternatus).;41;1;1;0;2
Bothrops asper (Terciopelo).;43;1;1;0;6
Bothrops atrox (Barba amarilla) (Fer-de-lance).;45;1;1;0;3
Bothrops erythromelas (Caatinga lance head).;24;1;1;0;4
Bothrops insularis (Golden lancehead) (Lachesis insularis).;29;1;1;0;8
Bothrops jararaca (Jararaca) (Bothrops jajaraca).;50;1;1;0;16
Bothrops moojeni (Lance-headed viper) (Caissaca).;64;1;1;0;7
Bothrops pauloensis (Neuwied's lancehead) (Bothrops neuwiedi pauloensis).;24;1;1;0;2
Brachyteles arachnoides (Southern muriqui) (Woolly spider monkey).;3;1;1;0;1
Bradysia coprophila (Dark-winged fungus gnat) (Sciara coprophila).;21;1;1;0;2
Branchiostoma belcheri (Amphioxus).;37;1;1;0;1
Brassica campestris (Field mustard).;107;1;1;0;2
Brassica oleracea var. alboglabra (Chinese kale) (Brassica alboglabra).;4;1;1;0;2
Brassica oleracea var. botrytis (Cauliflower).;11;1;1;0;1
Brassica oleracea var. italica (Broccoli).;8;1;1;0;3
Brassica rapa subsp. pekinensis (Chinese cabbage) (Brassica pekinensis).;9;1;1;0;1
Brugia pahangi (Filarial nematode worm).;9;1;1;0;4
Bubalus carabanensis (Swamp type water buffalo) (Bubalus bubalis carabanensis).;10;1;1;0;7
Bufo japonicus (Japanese toad).;2;1;1;0;1
Bufo marinus (Giant toad) (Cane toad).;27;1;1;0;2
Cairina moschata (Muscovy duck).;14;1;1;0;1
Callicebus moloch (Dusky titi monkey).;52;1;1;0;8
Callicebus torquatus (Collared titi).;2;1;1;0;1
Callimico goeldii (Goeldi's marmoset).;25;1;1;0;2
Callinectes sapidus (Blue crab).;3;1;1;0;2
Calliphora vicina (Blue blowfly) (Calliphora erythrocephala).;43;1;1;0;3
Callithrix geoffroyi (Geoffroy's marmoset).;2;1;1;0;1
Callithrix pygmaea (Pygmy marmoset) (Cebuella pygmaea).;6;1;1;0;2
Calloselasma rhodostoma (Malayan pit viper) (Agkistrodon rhodostoma).;32;1;1;0;7
Canavalia ensiformis (Jack bean) (Dolichos ensiformis).;4;1;1;0;3
Candida rugosa (Yeast) (Candida cylindracea).;3;1;1;0;1
Candida tsukubaensis (Yeast) (Pseudozyma tsukubaensis).;2;1;1;0;1
Cannabis sativa (Hemp) (Marijuana).;53;1;1;0;5
Capparis masaikai (Mabinlang).;4;1;1;0;1
Capra ibex (Ibex).;22;1;1;0;3
Capricornis crispus (Japanese serow) (Naemorhedus crispus).;21;1;1;0;1
Capricornis sumatraensis (Sumatran serow).;21;1;1;0;1
Carcinoscorpius rotundicauda (Mangrove horseshoe crab) (Limulus rotundicauda).;2;1;1;0;1
Carcinus maenas (Common shore crab) (Green crab).;4;1;1;0;3
Carollia perspicillata (Seba's short-tailed bat).;26;1;1;0;1
Castanea sativa (Sweet chestnut).;21;1;1;0;1
Catharanthus roseus (Madagascar periwinkle) (Vinca rosea).;164;0,941358025;0,941358025;0;2
Catostomus commersonii (White sucker) (Cyprinus commersonnii).;4;1;1;0;1
Cebus albifrons (White-fronted capuchin).;47;1;1;0;2
Cebus capucinus (White-faced sapajou).;6;1;1;0;2
Cebus olivaceus (Weeper capuchin).;2;1;1;0;1
Cercocebus atys (Sooty mangabey) (Cercocebus torquatus atys).;22;1;1;0;11
Cercopithecus diana (Diana monkey).;2;1;1;0;1
Cercopithecus mitis (Blue monkey).;2;1;1;0;1
Cercopithecus pygerythrus (Vervet monkey).;6;1;1;0;1
Cerrophidion godmani (Porthidium godmani) (Bothrops godmani).;57;1;1;0;1
Cervus elaphus nelsoni (North American elk) (Cervus canadensis nelsoni).;21;1;1;0;1
Cervus nippon (Sika deer).;26;1;1;0;3
Charybdis feriatus (Crucifix crab) (Cancer feriatus).;3;1;1;0;1
Chenopodium album (Fat-hen).;3;1;1;0;1
Chinchilla lanigera (Long-tailed chinchilla) (Chinchilla villidera).;9;1;1;0;2
Chionodraco hamatus (Antarctic teleost icefish) (Chaenichthys rhinoceratus hamatus).;2;1;1;0;1
Chironomus tentans (Midge) (Camptochironomus tentans).;33;1;1;0;3
Chironomus thummi thummi (Midge).;23;1;1;0;14
Chiropotes satanas (Brown-bearded saki).;2;1;1;0;1
Choristoneura fumiferana (Spruce budworm moth) (Archips fumiferana).;22;1;1;0;1
Clarias gariepinus (African sharptooth catfish) (North African catfish).;4;1;1;0;3
Claviceps fusiformis (Ergot fungus).;20;1;1;0;1
Clitoria ternatea (Butterfly pea).;2;1;1;0;1
Colletotrichum lindemuthianum (Bean anthracnose fungus) (Glomerella lindemuthiana).;5;1;1;0;2
Colobus polykomos (Western black-and-white colobus monkey).;5;1;1;0;1
Columba livia (Rock dove).;66;1;1;0;3
Conus purpurascens (Purple cone).;3;1;1;0;2
Coptis japonica (Japanese goldthread).;9;1;1;0;1
Coregonus autumnalis (Arctic cisco) (Salmo autumnalis).;24;1;1;0;4
Crassostrea gigas (Pacific oyster) (Crassostrea angulata).;8;1;1;0;3
Crassostrea virginica (Eastern oyster).;6;1;1;0;5
Craterostigma plantagineum (Blue gem) (Torenia plantagineum).;103;1;1;0;1
Cricetulus migratorius (Gray dwarf hamster).;2;1;1;0;1
Cricetus cricetus (Black-bellied hamster).;6;1;1;0;1
Crocus vernus (Dutch crocus).;3;1;1;0;2
Crotalus atrox (Western diamondback rattlesnake).;57;1;1;0;15
Crotalus durissus cascavella (Northeastern Brazilian rattlesnake).;2;1;1;0;1
Crotalus durissus collilineatus (Brazilian rattlesnake).;20;1;1;0;1
Crotalus durissus terrificus (South American rattlesnake).;94;1;1;0;17
Crotalus horridus (Timber rattlesnake).;4;1;1;0;1
Crotalus scutulatus scutulatus (Mojave rattlesnake).;3;1;1;0;2
Crotalus viridis viridis (Prairie rattlesnake).;29;1;1;0;9
Cryptococcus gattii serotype B (strain WM276 / ATCC MYA-4071) (Filobasidiella gattii) (Cryptococcus bacillisporus).;21;1;1;0;1
Ctenopharyngodon idella (Grass carp) (Leuciscus idella).;7;1;1;0;2
Cucumis melo (Muskmelon).;10;1;1;0;1
Cucurbita maxima (Pumpkin) (Winter squash).;54;1;1;0;3
Cucurbita pepo (Vegetable marrow) (Summer squash).;30;1;1;0;1
Culex pipiens (House mosquito).;20;1;1;0;1
Culex pipiens pipiens (Northern house mosquito).;2;1;1;0;1
Cupiennius salei (American wandering spider).;7;1;1;0;6
Cyberlindnera mrakii (Yeast) (Williopsis mrakii).;2;1;1;0;1
Cyberlindnera saturnus (Yeast) (Williopsis saturnus).;2;1;1;0;1
Cylindrotheca fusiformis (Marine diatom).;19;1;1;0;1
Cynara cardunculus (Cardoon).;43;1;1;0;2
Cynodon dactylon (Bermuda grass) (Panicum dactylon).;3;1;1;0;1
Cynops pyrrhogaster (Japanese common newt).;41;1;1;0;3
Daboia palaestinae (Palestine viper) (Vipera palaestinae).;5;1;1;0;3
Daboia russelii (Russel's viper) (Vipera russelii).;88;1;1;0;12
Daboia siamensis (Eastern Russel's viper) (Daboia russelii siamensis).;50;1;1;0;31
Dama dama (Fallow deer) (Cervus dama).;24;1;1;0;2
Deinagkistrodon acutus (Hundred-pace snake) (Agkistrodon acutus).;61;1;1;0;20
Delphinus delphis (Short-beaked common dolphin).;42;1;1;0;1
Dendroaspis angusticeps (Eastern green mamba) (Naja angusticeps).;4;1;1;0;3
Dermatophagoides farinae (American house dust mite).;9;1;1;0;5
Devario aequipinnatus (Giant danio) (Danio aequipinnatus).;3;1;1;0;1
Dicerorhinus sumatrensis (Sumatran rhinoceros).;21;1;1;0;1
Diceros bicornis (Black rhinoceros).;21;1;1;0;1
Dirofilaria immitis (Canine heartworm).;7;1;1;0;3
Doryteuthis pealeii (Longfin inshore squid) (Loligo pealeii).;26;1;1;0;1
Dromaius novaehollandiae (Emu).;103;1;1;0;4
Drosophila auraria (Fruit fly).;2;1;1;0;1
Drosophila guanche (Fruit fly).;4;1;1;0;1
Drosophila madeirensis (Fruit fly).;5;1;1;0;1
Drosophila miranda (Fruit fly).;9;1;1;0;6
Drosophila orena (Fruit fly).;28;1;1;0;2
Drosophila serrata (Fruit fly).;19;1;1;0;1
Drosophila teissieri (Fruit fly).;32;1;1;0;3
Dugesia japonica (Planarian).;6;1;1;0;2
Echinococcus granulosus (Hydatid tapeworm).;86;1;1;0;1
Echinococcus multilocularis (Fox tapeworm).;47;1;1;0;1
Echis carinatus (Saw-scaled viper).;23;1;1;0;2
Echis carinatus sochureki (Saw-scaled viper).;25;1;1;0;5
Echis coloratus (Carpet viper).;22;1;1;0;2
Echis ocellatus (Ocellated saw-scaled viper).;19;1;1;0;18
Echis pyramidum leakeyi (Leakey's carpet viper) (Echis carinatus leakeyi).;25;1;1;0;6
Electrophorus electricus (Electric eel) (Gymnotus electricus).;6;1;1;0;1
Encephalitozoon hellem (Microsporidian parasite).;6;1;1;0;2
Engyodontium album (Tritirachium album).;2;1;1;0;1
Epinephelus coioides (Orange-spotted grouper) (Epinephelus nebulosus).;20;1;1;0;1
Eptatretus stoutii (Pacific hagfish).;14;1;1;0;1
Equus burchelli (Plains zebra) (Equus quagga).;24;1;1;0;2
Equus burchellii antiquorum (Damara zebra) (Chapman zebra).;2;1;1;0;1
Equus grevyi (Grevy's zebra).;24;1;1;0;1
Erinaceus europaeus (Western European hedgehog).;29;1;1;0;1
Erythrocebus patas (Red guenon) (Cercopithecus patas).;10;1;1;0;2
Eulemur macaco macaco (Black lemur).;27;1;1;0;2
Eulophus pennicornis (Parasitoid wasp).;3;1;1;0;2
Euplotes octocarinatus.;12;1;1;0;4
Fagopyrum esculentum (Common buckwheat) (Polygonum fagopyrum).;5;1;1;0;3
Flammulina velutipes (Agaricus velutipes).;2;1;1;0;1
Fusarium oxysporum (Fusarium vascular wilt).;11;1;1;0;5
Fusarium solani subsp. phaseoli (Nectria haematococca).;3;1;1;0;1
Gaeumannomyces graminis var. avenae.;2;1;1;0;1
Galago senegalensis (Northern lesser bushbaby) (Senegal bushbaby).;41;1;1;0;1
Galleria mellonella (Greater wax moth).;32;1;1;0;8
Gecko japonicus (Japanese gecko).;27;1;1;0;1
Geotrichum candidum (Oospora lactis) (Dipodascus geotrichum).;3;1;1;0;1
Gerbera hybrida (Daisy).;23;1;1;0;1
Gerbilliscus gambianus (Gambian gerbil) (Gerbilliscus kempi gambiana).;2;1;1;0;1
Giardia intestinalis (Giardia lamblia).;106;1;1;0;5
Ginkgo biloba (Ginkgo) (Maidenhair tree).;7;1;1;0;1
Giraffa camelopardalis (Giraffe).;27;1;1;0;3
Glis glis (Fat dormouse) (Myoxus glis).;41;1;1;0;1
Globodera rostochiensis (Golden nematode worm) (Heterodera rostochiensis).;12;1;1;0;8
Glossina morsitans morsitans (Savannah tsetse fly).;30;1;1;0;8
Gloydius brevicaudus siniticus (Chinese mamushi) (Agkistrodon blomhoffii siniticus).;4;1;1;0;3
Gloydius shedaoensis (Shedao island pit viper) (Agkistrodon shedaoensis).;2;1;1;0;1
Gloydius ussuriensis (Ussuri mamushi) (Gloydius blomhoffii ussuriensis).;43;1;1;0;4
Gossypium barbadense (Sea-island cotton) (Egyptian cotton).;118;1;1;0;1
Grammostola rosea (Chilean rose tarantula) (Grammostola spatulata).;5;1;1;0;4
Grifola frondosa (Maitake) (Polyporus frondosus).;2;1;1;0;1
Grosmannia clavigera (strain kw1407 / UAMH 11150) (Blue stain fungus) (Graphiocladiella clavigera).;20;1;1;0;1
Haematobia irritans exigua (Buffalo fly).;2;1;1;0;1
Haliotis asinina (Donkey's ear abalone) (Ass's ear abalone).;31;1;1;0;9
Haliotis rufescens (California red abalone).;3;1;1;0;2
Haplochromis burtoni (Burton's mouthbrooder).;20;1;1;0;1
Helianthus tuberosus (Jerusalem artichoke) (Helianthus tomentosus).;3;1;1;0;1
Helicoverpa assulta (Oriental tobacco budworm) (Heliothis assulta).;2;1;1;0;1
Helicoverpa zea (Corn earworm moth) (Heliothis zea).;18;1;1;0;1
Heliocidaris crassispina (Sea urchin) (Anthocidaris crassispina).;80;1;1;0;1
Helix aspersa (Brown garden snail) (Cornu aspersum).;20;1;1;0;2
Heloderma horridum horridum (Mexican beaded lizard).;3;1;1;0;2
Heloderma suspectum (Gila monster).;40;1;1;0;3
Hemicentrotus pulcherrimus (Sea urchin) (Strongylocentrotus pulcherrimus).;8;1;1;0;3
Hemitragus jemlahicus (Himalayan tahr).;20;1;1;0;1
Hemitripterus americanus (Sea raven).;2;1;1;0;1
Heterocapsa triquetra (Dinoflagellate) (Glenodinium triquetrum).;2;1;1;0;1
Heterocephalus glaber (Naked mole rat).;3;1;1;0;2
Heterodontus francisci (Horn shark) (Cestracion francisci).;62;1;1;0;1
Heteropneustes fossilis (Stinging catfish).;2;1;1;0;1
Hippoglossus hippoglossus (Atlantic halibut) (Pleuronectes hippoglossus).;2;1;1;0;1
Hirudo medicinalis (Medicinal leech).;6;1;1;0;2
Hoplocephalus stephensii (Stephens' banded snake).;11;1;1;0;10
Hyalophora cecropia (Cecropia moth).;26;1;1;0;6
Hydra viridissima (Green hydra) (Chlorohydra viridissima).;9;1;1;0;1
Hydrophis hardwickii (Hardwick's spine-bellied seasnake) (Lapemis hardwickii).;14;1;1;0;13
Hylobates agilis (Agile gibbon).;4;1;1;0;1
Hylobates klossii (Kloss's gibbon).;2;1;1;0;1
Hylobates moloch (Silvery gibbon).;3;1;1;0;2
Hylobates pileatus (Pileated gibbon).;2;1;1;0;1
Hylobates syndactylus (Siamang) (Symphalangus syndactylus).;32;1;1;0;3
Hypocrea atroviridis (Trichoderma atroviride).;8;1;1;0;1
Hypocrea rufa (Trichoderma viride).;5;1;1;0;1
Hypocrea virens (Gliocladium virens) (Trichoderma virens).;4;1;1;0;1
Hypophthalmichthys molitrix (Silver carp) (Leuciscus molitrix).;2;1;1;0;1
Ipomoea nil (Japanese morning glory) (Pharbitis nil).;50;1;1;0;2
Isoodon macrourus (Short-nosed bandicoot) (Northern brown bandicoot).;40;1;1;0;1
Jaculus jaculus (Lesser Egyptian jerboa).;20;1;1;0;1
Kluyveromyces marxianus (Yeast) (Candida kefyr).;41;1;1;0;1
Komagataella pastoris (Yeast) (Pichia pastoris).;130;1;1;0;2
Labeo rohita (Indian major carp).;2;1;1;0;1
Lachancea kluyveri (strain ATCC 58438 / CBS 3082 / CCRC 21498 / NBRC 1685 / JCM 7257 / NCYC 543 / NRRL Y-12651) (Yeast) (Saccharomyces kluyveri).;48;1;1;0;1
Lachesis muta rhombeata (Bushmaster).;3;1;1;0;1
Lachesis stenophrys (Central American bushmaster).;21;1;1;0;1
Lampetra fluviatilis (European river lamprey) (Petromyzon fluviatilis).;41;1;1;0;2
Larimichthys crocea (Large yellow croaker) (Pseudosciaena crocea).;3;1;1;0;2
Laticauda colubrina (Yellow-lipped sea krait) (Banded sea krait).;65;1;1;0;8
Laticauda semifasciata (Black-banded sea krait) (Pseudolaticauda semifasciata).;52;1;1;0;16
Latrodectus tredecimguttatus (Mediterranean black widow spider) (Latrodectus mactans tredecimguttatus).;5;0,833333333;0,833333333;0;3
Lentinula edodes (Shiitake mushroom) (Lentinus edodes).;29;1;1;0;1
Leontopithecus chrysopygus (Golden-rumped lion tamarin) (Leontopithecus rosalia chrysopygus).;2;1;1;0;1
Lepidoglyphus destructor (Storage mite) (Glycyphagus destructor).;21;1;1;0;2
Lepus capensis (Brown hare).;18;1;1;0;2
Leucoraja erinacea (Little skate) (Raja erinacea).;39;1;1;0;1
Lilium longiflorum (Trumpet lily).;58;1;1;0;6
Lithobates pipiens (Northern leopard frog) (Rana pipiens).;34;1;1;0;2
Litopenaeus vannamei (Whiteleg shrimp) (Penaeus vannamei).;34;1;1;0;12
Loa loa (Eye worm) (Filaria loa).;2;1;1;0;1
Lonomia obliqua (Moth).;26;1;1;0;6
Lophiotoma olangoensis (Sea snail).;9;1;1;0;4
Loxosceles intermedia (Brown spider).;22;1;1;0;19
Loxosceles laeta (South American recluse spider) (Scytodes laeta).;17;1;1;0;4
Loxosceles reclusa (Brown recluse spider).;3;1;1;0;1
Lucilia cuprina (Green bottle fly) (Australian sheep blowfly).;41;1;1;0;4
Lymantria dispar (Gypsy moth) (Porthetria dispar).;9;1;1;0;7
Lytechinus pictus (Painted sea urchin).;16;1;1;0;1
Macaca arctoides (Stump-tailed macaque).;3;1;1;0;2
Macaca assamensis (Assam macaque) (Assamese macaque).;3;1;1;0;2
Macaca hecki (Heck's macaque).;21;1;1;0;1
Macaca maura (Moor macaque).;20;1;1;0;1
Macaca nigra (Celebes black macaque) (Crested black macaque).;23;1;1;0;1
Macaca nigrescens (Gorontalo macaque) (Macaca nigra nigrescens).;21;1;1;0;1
Macaca silenus (Lion-tailed macaque).;2;1;1;0;1
Macaca sylvanus (Barbary macaque).;41;1;1;0;1
Macaca tonkeana (Tonkean macaque).;2;1;1;0;1
Macadamia integrifolia (Macadamia nut).;4;1;1;0;3
Macropus eugenii (Tammar wallaby).;45;1;1;0;13
Macropus giganteus (Eastern gray kangaroo).;40;1;1;0;1
Macrovipera lebetina (Levantine viper) (Vipera lebetina).;67;1;1;0;38
Macrovipera lebetina transmediterranea (Blunt-nosed viper) (Vipera lebetina transmediterranea).;2;1;1;0;1
Malus domestica (Apple) (Pyrus malus).;136;1;1;0;4
Mastomys natalensis (African soft-furred rat) (Praomys natalensis).;3;1;1;0;2
Medicago sativa subsp. varia (Alfalfa) (Medicago varia).;4;1;1;0;1
Megabalanus rosa (Acorn barnacle).;2;1;1;0;1
Metapenaeus ensis (Greasyback shrimp) (Penaeus ensis).;22;1;1;0;2
Microcebus murinus (Lesser mouse lemur) (Gray Mouse Lemur).;33;1;1;0;2
Micropechis ikaheka (New Guinean small-eyed snake).;2;1;1;0;1
Microtus oeconomus (Tundra vole).;20;1;1;0;1
Micrurus fulvius (Eastern coral snake) (Coluber fulvius).;20;1;1;0;1
Miopithecus talapoin (Angolan talapoin) (Cercopithecus talapoin).;8;1;1;0;5
Mirabilis jalapa (Garden four-o'clock).;20;1;1;0;1
Momordica charantia (Bitter gourd) (Balsam pear).;3;1;1;0;2
Monosiga brevicollis (Choanoflagellate).;185;1;1;0;1
Morone saxatilis (Striped bass) (Perca saxatilis).;11;1;1;0;6
Moschus berezovskii (Chinese forest musk deer).;3;1;1;0;2
Moschus chrysogaster (Alpine musk deer).;21;1;1;0;1
Muntiacus muntjak (Barking deer) (Indian muntjac).;29;1;1;0;2
Muntiacus reevesi (Reeve's muntjac) (Chinese muntjac).;28;1;1;0;1
Mus caroli (Ryukyu mouse) (Ricefield mouse).;26;1;1;0;1
Mus cookii (Cook's mouse).;2;1;1;0;1
Mus pahari (Gairdner's shrew-mouse) (Coelomys pahari).;23;1;1;0;1
Mus saxicola (Brown spiny mouse) (Rock-loving mouse).;23;1;1;0;2
Mus spretus (Western Mediterranean mouse) (Algerian mouse).;29;1;1;0;1
Myocastor coypus (Coypu) (Nutria).;3;1;1;0;2
Myrothecium verrucaria.;2;1;1;0;1
Mytilus galloprovincialis (Mediterranean mussel).;12;1;1;0;7
Naja atra (Chinese cobra).;86;1;1;0;48
Naja mossambica (Mozambique spitting cobra).;56;1;1;0;1
Naja naja (Indian cobra).;24;1;1;0;2
Nannospalax galili (Northern Israeli blind subterranean mole rat) (Spalax galili).;3;1;1;0;1
Nasalis larvatus (Proboscis monkey).;22;1;1;0;1
Nicotiana alata (Winged tobacco) (Persian tobacco).;5;1;1;0;3
Nicotiana paniculata.;2;1;1;0;1
Nomascus concolor (Black crested gibbon) (Hylobates concolor).;6;1;1;0;2
Nomascus gabriellae (Red-cheeked gibbon).;21;1;1;0;1
Nomascus leucogenys (Northern white-cheeked gibbon) (Hylobates leucogenys).;36;1;1;0;5
Nosema bombycis (strain CQ1 / CVCC 102059) (Microsporidian parasite) (Pebrine of silkworm).;6;1;1;0;5
Notechis scutatus scutatus (Mainland tiger snake) (Common tiger snake).;92;1;1;0;17
Notomys alexis (Spinifex hopping mouse).;4;1;1;0;2
Nycticebus pygmaeus (Pygmy slow loris).;20;1;1;0;1
Octodon degus (Degu) (Sciurus degus).;21;1;1;0;3
Octopus vulgaris (Common octopus).;32;1;1;0;3
Odobenus rosmarus divergens (Pacific walrus).;4;1;1;0;2
Odocoileus hemionus (Mule deer) (Black-tailed deer).;21;1;1;0;1
Ogataea parapolymorpha (strain DL-1 / ATCC 26012 / NRRL Y-7560) (Yeast) (Hansenula polymorpha).;10;1;1;0;1
Oncorhynchus gorbuscha (Pink salmon) (Salmo gorbuscha).;39;1;1;0;1
Oncorhynchus keta (Chum salmon) (Salmo keta).;58;1;1;0;13
Oncorhynchus kisutch (Coho salmon) (Salmo kisutch).;44;1;1;0;4
Oncorhynchus masou (Cherry salmon) (Masu salmon).;62;1;1;0;5
Orcinus orca (Killer whale).;25;1;1;0;4
Orconectes limosus (Spinycheek crayfish).;4;1;1;0;3
Oreochromis mossambicus (Mozambique tilapia) (Tilapia mossambica).;30;1;1;0;7
Oreochromis niloticus (Nile tilapia) (Tilapia nilotica).;64;1;1;0;3
Ornithodoros moubata (Soft tick) (Argasid tick).;20;1;1;0;1
Oscheius tipulae.;71;1;1;0;1
Osmerus mordax (Rainbow smelt) (Atherina mordax).;24;1;1;0;2
Ostertagia ostertagi (Brown stomach worm).;21;1;1;0;2
Ostrea edulis (Native oyster) (European flat oyster).;3;1;1;0;1
Ovis orientalis musimon (Mouflon).;22;1;1;0;1
Ovophis okinavensis (Ryukyu Island pit viper) (Trimeresurus okinavensis).;22;1;1;0;2
Pacifastacus leniusculus (Signal crayfish).;2;1;1;0;1
Paguma larvata (Masked palm civet).;22;1;1;0;1
Pandalus borealis (Northern red shrimp).;2;1;1;0;1
Pantholops hodgsonii (Chiru).;41;1;1;0;1
Papaver somniferum (Opium poppy).;95;1;1;0;1
Papio sp. (Baboon).;2;1;1;0;1
Paramecium primaurelia.;5;1;1;0;2
Parietaria judaica (Pellitory-of-the-wall) (Parietaria diffusa).;7;1;1;0;4
Pecten maximus (King scallop) (Pilgrim's clam).;20;1;1;0;1
Pelodiscus sinensis (Chinese softshell turtle) (Trionyx sinensis).;8;1;1;0;2
Pelophylax nigromaculatus (Black-spotted frog) (Rana nigromaculata).;20;1;1;0;1
Pelophylax ridibundus (Marsh frog) (Rana ridibunda).;7;1;1;0;6
Penaeus japonicus (Kuruma prawn) (Marsupenaeus japonicus).;7;1;1;0;6
Penaeus monodon (Giant tiger prawn).;11;1;1;0;8
Penicillium camembertii.;2;1;1;0;1
Penicillium citrinum.;42;1;1;0;3
Penicillium digitatum (Green mold).;2;1;1;0;1
Penicillium funiculosum (Fruitlet core rot fungus).;8;1;1;0;5
Penicillium roqueforti.;3;1;1;0;1
Penicillium simplicissimum.;3;1;1;0;1
Penicillium sp.;21;1;1;0;1
Perca flavescens (American yellow perch) (Morone flavescens).;2;1;1;0;1
Periplaneta americana (American cockroach) (Blatta americana).;26;1;1;0;5
Perna viridis (Tropical green mussel).;3;1;1;0;2
Peromyscus maniculatus (North American deer mouse).;23;1;1;0;1
Petaurus breviceps (Australian sugar glider).;20;1;1;0;1
Phaffia rhodozyma (Yeast) (Xanthophyllomyces dendrorhous).;7;1;1;0;1
Phalaris aquatica (Canary grass).;5;1;1;0;4
Phaseolus angularis (Azuki bean) (Vigna angularis).;6;1;1;0;3
Phaseolus lunatus (Lima bean) (Phaseolus limensis).;3;1;1;0;1
Phleum pratense (Common timothy).;15;1;1;0;3
Phoneutria nigriventer (Brazilian armed spider) (Ctenus nigriventer).;18;1;1;0;16
Physarum polycephalum (Slime mold).;31;1;1;0;5
Physeter catodon (Sperm whale) (Physeter macrocephalus).;44;1;1;0;3
Phytolacca americana (American pokeweed) (Phytolacca decandra).;39;1;1;0;5
Picea glauca (White spruce) (Pinus glauca).;37;1;1;0;1
Pieris brassicae (White butterfly) (Large white butterfly).;2;1;1;0;1
Pinctada fucata (Pearl oyster).;12;1;1;0;8
Pinctada maxima (Silver-lipped pearl oyster) (White-lipped pearl oyster).;24;1;1;0;23
Pinus contorta (Shore pine) (Lodgepole pine).;9;1;1;0;1
Pinus taeda (Loblolly pine).;34;1;1;0;1
Pithecia irrorata (Gray monk saki).;2;1;1;0;1
Plasmodium berghei.;62;1;1;0;1
Plasmodium cynomolgi (strain Berok).;2;1;1;0;1
Plasmodium falciparum (isolate CDC / Honduras).;24;1;1;0;2
Plasmodium falciparum (isolate HB3).;26;1;1;0;1
Plasmodium falciparum (isolate NF54).;8;1;1;0;4
Plasmodium falciparum (isolate Palo Alto / Uganda).;3;1;1;0;1
Plasmodium gallinaceum.;19;1;1;0;1
Plasmodium knowlesi.;6;1;1;0;3
Plasmodium malariae.;2;1;1;0;1
Pleuronectes platessa (European plaice).;4;1;1;0;1
Plodia interpunctella (Indianmeal moth).;2;1;1;0;1
Plutella xylostella (Diamondback moth) (Plutella maculipennis).;8;1;1;0;1
Polyorchis penicillatus (Hydromedusa).;2;1;1;0;1
Polysphondylium pallidum (Cellular slime mold).;42;1;1;0;1
Procambarus clarkii (Red swamp crayfish).;25;1;1;0;3
Protobothrops elegans (Elegant pitviper) (Trimeresurus elegans).;25;1;1;0;4
Protobothrops jerdonii (Jerdon's pitviper) (Trimeresurus jerdonii).;15;1;1;0;14
Protobothrops mucrosquamatus (Taiwan habu) (Trimeresurus mucrosquamatus).;60;1;1;0;23
Protophormia terraenovae (Northern blowfly) (Lucilia terraenovae).;21;1;1;0;2
Prunus armeniaca (Apricot) (Armeniaca vulgaris).;11;1;1;0;1
Prunus avium (Cherry) (Cerasus avium).;41;1;1;0;2
Prunus dulcis (Almond) (Amygdalus dulcis).;28;1;1;0;4
Prunus persica (Peach) (Amygdalus persica).;32;1;1;0;8
Psetta maxima (Turbot) (Pleuronectes maximus).;2;1;1;0;1
Pseudechis australis (Mulga snake) (King brown snake).;216;1;1;0;14
Pseudechis porphyriacus (Red-bellied black snake).;49;1;1;0;11
Pseudonaja textilis (Eastern brown snake).;38;1;1;0;18
Pseudopleuronectes americanus (Winter flounder) (Pleuronectes americanus).;9;1;1;0;6
Psophocarpus tetragonolobus (Winged bean) (Dolichos tetragonolobus).;7;1;1;0;1
Puccinia graminis (Black stem rust fungus).;22;1;1;0;2
Pygathrix nemaeus (Red-shanked douc langur).;5;1;1;0;3
Pyrus communis (Pear) (Pyrus domestica).;24;1;1;0;2
Pyrus pyrifolia (Chinese pear) (Pyrus serotina).;4;1;1;0;2
Python molurus (Indian python).;20;1;1;0;1
Raphanus sativus (Radish).;115;1;1;0;1
Rattus fuscipes (Bush rat).;3;1;1;0;2
Rattus rattus (Black rat).;4;1;1;0;2
Rauvolfia serpentina (Serpentine wood) (Ophioxylon serpentinum).;25;1;1;0;2
Rhinella arenarum (Argentine common toad) (Bufo arenarum).;18;1;1;0;1
Rhinopithecus avunculus (Tonkin snub-nosed monkey) (Pygathrix avunculus).;2;1;1;0;1
Rhinopithecus bieti (Black snub-nosed monkey) (Pygathrix bieti).;4;1;1;0;1
Rhipicephalus appendiculatus (Brown ear tick).;3;1;1;0;2
Rhipicephalus microplus (Cattle tick) (Boophilus microplus).;6;1;1;0;3
Rhizopus niveus.;11;1;1;0;7
Rhizopus oligosporus.;4;1;1;0;2
Rhopalurus junceus (Caribbean blue scorpion).;7;1;1;0;6
Riftia pachyptila (Vent tube worm).;4;1;1;0;1
Rutilus rutilus (Roach).;41;1;1;0;2
Saccharomyces cerevisiae (strain Kyokai no. 7 / NBRC 101557) (Baker's yeast).;2;1;1;0;1
Saccharomyces mikatae (Yeast).;3;1;1;0;1
Saccharomyces uvarum (strain ATCC 76518 / CBS 7001 / CLIB 283 / NBRC 10550 / MCYC 623 / NCYC 2669 / NRRL Y-11845) (Yeast) (Saccharomyces bayanus var. uvarum).;30;1;1;0;2
Saccharomycopsis fibuligera (Yeast).;3;1;1;0;2
Saguinus imperator (Emperor tamarin).;3;1;1;0;1
Saguinus labiatus (Red-chested mustached tamarin).;10;1;1;0;3
Saguinus mystax (Moustached tamarin).;5;1;1;0;2
Saiga tatarica (Saiga antelope).;21;1;1;0;1
Salmo trutta (Brown trout).;41;1;1;0;1
Sambucus nigra (European elder).;37;1;1;0;3
Samia cynthia (Ailanthus silkmoth) (Phalaena cynthia).;24;1;1;0;5
Samia ricini (Indian eri silkmoth) (Samia cynthia ricini).;20;1;1;0;1
Saponaria officinalis (Common soapwort) (Lychnis saponaria).;6;1;1;0;2
Sarcophaga bullata (Grey flesh fly) (Neobellieria bullata).;2;1;1;0;1
Sarcophaga peregrina (Flesh fly) (Boettcherisca peregrina).;47;1;1;0;8
Schistocerca gregaria (Desert locust).;107;1;1;0;3
Schizaphis graminum (Green bug aphid).;2;1;1;0;1
Schmidtea mediterranea (Freshwater planarian flatworm).;3;1;1;0;1
Sclerotinia sclerotiorum (White mold) (Whetzelinia sclerotiorum).;23;1;1;0;1
Scutellaria baicalensis (Baical skullcap).;3;1;1;0;1
Scyliorhinus torazame (Cloudy catshark).;2;1;1;0;1
Secale cereale (Rye).;14;1;1;0;2
Sepia officinalis (Common cuttlefish).;25;1;1;0;1
Seriola quinqueradiata (Five-ray yellowtail).;8;1;1;0;1
Sesamum indicum (Oriental sesame) (Sesamum orientale).;21;1;1;0;2
Silene latifolia (White campion) (Bladder campion).;2;1;1;0;1
Silurus asotus (Amur catfish) (Parasilurus asotus).;2;1;1;0;1
Sinapis alba (White mustard) (Brassica hirta).;22;1;1;0;2
Sminthopsis crassicaudata (Fat-tailed dunnart) (Phascogale crassicaudata).;61;1;1;0;1
Sminthopsis macroura (Stripe-faced dunnart).;42;1;1;0;1
Solanum chilense (Tomato) (Lycopersicon chilense).;21;1;1;0;2
Solanum commersonii (Commerson's wild potato) (Commerson's nightshade).;4;1;1;0;3
Solanum peruvianum (Peruvian tomato) (Lycopersicon peruvianum).;7;1;1;0;1
Solea senegalensis (Senegalese sole).;5;1;1;0;2
Solenopsis invicta (Red imported fire ant) (Solenopsis wagneri).;10;1;1;0;9
Solenopsis richteri (Black imported fire ant).;3;1;1;0;1
Sorex araneus (Eurasian common shrew) (European shrew).;24;1;1;0;1
Sorex unguiculatus (Long-clawed shrew).;40;1;1;0;2
Spalax carmeli (Southern Israeli blind subterranean mole rat).;2;1;1;0;1
Spalax ehrenbergi (Middle East blind mole rat) (Nannospalax ehrenbergi).;6;1;1;0;1
Spalax judaei (Judean Mountains blind mole rat) (Nannospalax judaei).;40;1;1;0;1
Spermophilus citellus (European suslik) (Citellus citellus).;27;1;1;0;1
Spermophilus tridecemlineatus (Thirteen-lined ground squirrel) (Ictidomys tridecemlineatus).;65;1;1;0;8
Spodoptera frugiperda (Fall armyworm).;71;1;1;0;2
Strongylocentrotus franciscanus (Giant red sea urchin) (Mesocentrotus franciscanus).;24;1;1;0;1
Styela clava (Sea squirt).;24;1;1;0;2
Suncus murinus (Asian house shrew) (Musk shrew).;10;1;1;0;4
Sylvicapra grimmia (Grey duiker).;20;1;1;0;1
Syncephalastrum racemosum (Filamentous fungus).;2;1;1;0;1
Tachypleus tridentatus (Japanese horseshoe crab).;10;1;1;0;6
Talaromyces emersonii.;2;1;1;0;1
Tarsius syrichta (Philippine tarsier).;26;1;1;0;1
Taurotragus derbianus (Giant eland) (Derby eland).;20;1;1;0;1
Tetrahymena pyriformis.;79;1;1;0;1
Tetraodon fluviatilis (Green pufferfish) (Chelonodon fluviatilis).;5;1;1;0;1
Tetraodon miurus (Congo puffer).;20;1;1;0;1
Thalictrum flavum subsp. glaucum (Yellow meadow rue).;3;1;1;0;1
Thanatephorus cucumeris (Black scurf of potato) (Rhizoctonia solani).;4;1;1;0;3
Thaumatococcus daniellii (Katemfe) (Phrynium daniellii).;2;1;1;0;1
Theobroma cacao (Cacao) (Cocoa).;5;1;1;0;3
Thermomyces lanuginosus (Humicola lanuginosa).;21;1;1;0;1
Theromyzon tessulatum (Duck leech).;5;1;1;0;4
Thielavia heterothallica (Myceliophthora thermophila).;3;1;1;0;1
Thunnus obesus (Bigeye tuna).;8;1;1;0;1
Tityus pachyurus (Colombian scorpion).;7;1;1;0;5
Tityus serrulatus (Brazilian scorpion).;9;1;1;0;5
Torulaspora delbrueckii (Yeast) (Candida colliculosa).;4;1;1;0;1
Toxocara canis (Canine roundworm).;3;1;1;0;1
Trachemys scripta (Red-eared slider turtle) (Pseudemys scripta).;40;1;1;0;1
Trachypithecus auratus (Javan langur).;2;1;1;0;1
Trachypithecus francoisi (Francois' leaf monkey) (Presbytis francoisi).;7;1;1;0;4
Tragelaphus imberbis (Lesser kudu).;19;1;1;0;1
Tragelaphus strepsiceros (Greater kudu).;3;1;1;0;2
Tribolium castaneum (Red flour beetle).;7;1;1;0;1
Trichinella spiralis (Trichina worm).;3;1;1;0;1
Trichoderma koningii (Hypocrea koningii).;4;1;1;0;2
Trichophyton soudanense.;4;1;1;0;2
Trichophyton violaceum.;3;1;1;0;1
Trichoplusia ni (Cabbage looper).;8;1;1;0;6
Trichostrongylus colubriformis (Black scour worm).;19;1;1;0;2
Trifolium repens (Creeping white clover).;5;1;1;0;1
Trimeresurus albolabris (White-lipped pit viper) (Cryptelytrops albolabris).;30;1;1;0;10
Trimeresurus gramineus (Bamboo pit viper) (Indian green tree viper).;67;1;1;0;11
Trimeresurus puniceus (Flat-nosed pitviper).;40;1;1;0;4
Trimeresurus stejnegeri (Chinese green tree viper) (Viridovipera stejnegeri).;161;1;1;0;49
Tropidechis carinatus (Australian rough-scaled snake).;21;1;1;0;20
Trypanosoma cruzi.;218;1;1;0;3
Trypanosoma equiperdum.;19;1;1;0;1
Tulipa bakeri (Tulip).;2;1;1;0;1
Tupaia belangeri (Common tree shrew) (Tupaia glis belangeri).;43;1;1;0;4
Tupaia glis (Tree shrew).;28;1;1;0;3
Tursiops truncatus (Atlantic bottle-nosed dolphin) (Delphinus truncatus).;52;1;1;0;7
Typhlonectes natans (Rubber eel).;19;1;1;0;1
Ulva pertusa (Sea lettuce).;2;1;1;0;1
Ursus thibetanus (Asiatic black bear) (Selenarctos thibetanus).;23;1;1;0;2
Varanus varius (Lace monitor).;27;1;1;0;7
Venerupis philippinarum (Japanese littleneck clam) (Tapes japonica).;6;1;1;0;4
Vespula maculifrons (Eastern yellow jacket) (Wasp).;20;1;1;0;1
Vespula vulgaris (Yellow jacket) (Wasp).;4;1;1;0;2
Vicia sativa (Spring vetch) (Tare).;4;0,75;0,75;0;2
Vigna unguiculata (Cowpea).;40;1;1;0;1
Vipera ammodytes ammodytes (Western sand viper).;28;1;1;0;10
Vipera aspis zinnikeri (Viper).;19;1;1;0;1
Vipera berus berus (Common viper).;20;1;1;0;1
Volvox carteri (Green alga).;44;1;1;0;2
Walterinnesia aegyptia (Desert black snake).;25;1;1;0;7
Wuchereria bancrofti.;5;1;1;0;2
Xenopus borealis (Kenyan clawed frog).;30;1;1;0;1
Xiphophorus maculatus (Southern platyfish) (Platypoecilus maculatus).;58;1;1;0;3
Zootoca vivipara (Common lizard) (Lacerta vivipara).;20;1;1;0;1
Mesembryanthemum crystallinum (Common ice plant) (Cryophytum crystallinum).;108;1;1;-1,11E-16;1
Nicotiana plumbaginifolia (Leadwort-leaved tobacco) (Tex-Mex tobacco).;110;1;1;-1,11E-16;3
Macaca fascicularis (Crab-eating macaque) (Cynomolgus monkey).;2980;0,95070928;0,950753485;-4,42E-05;169
Chlorocebus aethiops (Green monkey) (Cercopithecus aethiops).;391;0,959154069;0,959459459;-0,00030539;37
Solanum tuberosum (Potato).;715;0,952231405;0,953030303;-0,000798898;55
Oryza sativa subsp. japonica (Rice).;8887;0,954535776;0,956350273;-0,001814497;431
Acropora millepora (Staghorn coral).;47;0,998148148;1;-0,001851852;20
Clavispora lusitaniae (strain ATCC 42720) (Yeast) (Candida lusitaniae).;182;0,998137803;1;-0,001862197;3
Trypanosoma brucei brucei.;443;0,809482759;0,811350575;-0,001867816;8
Medicago truncatula (Barrel medic) (Medicago tribuloides).;223;0,997923157;1;-0,002076843;9
Coccidioides posadasii (strain RMSCC 757 / Silveira) (Valley fever fungus).;54;0,997530864;1;-0,002469136;9
Bos taurus (Bovine).;17247;0,951877519;0,954630484;-0,002752965;904
Anguilla japonica (Japanese eel).;59;0,99719888;1;-0,00280112;17
Agaricus bisporus (White button mushroom).;71;0,996415771;1;-0,003584229;9
Emericella nidulans (strain FGSC A4 / ATCC 38163 / CBS 112.46 / NRRL 194 / M139) (Aspergillus nidulans).;2538;0,956700789;0,960381133;-0,003680344;116
Coprinopsis cinerea (strain Okayama-7 / 130 / ATCC MYA-4618 / FGSC 9003) (Inky cap fungus) (Hormographiella aspergillata).;265;0,996168582;1;-0,003831418;4
Arthroderma otae (strain ATCC MYA-4605 / CBS 113480) (Microsporum canis).;171;0,986425339;0,990384615;-0,003959276;52
Antirrhinum majus (Garden snapdragon).;194;0,993019197;0,997382199;-0,004363002;3
Trichophyton verrucosum (strain HKI 0517).;88;0,995263158;1;-0,004736842;50
Laccaria bicolor (strain S238N-H82 / ATCC MYA-4686) (Bicoloured deceiver) (Laccaria laccata var. bicolor).;205;0,995098039;1;-0,004901961;1
Saimiri boliviensis boliviensis (Bolivian squirrel monkey).;131;0,990712074;0,995614035;-0,004901961;17
Neosartorya fumigata (strain CEA10 / CBS 144.89 / FGSC A1163) (Aspergillus fumigatus).;612;0,975448688;0,980763921;-0,005315232;82
Rhinolophus ferrumequinum (Greater horseshoe bat).;78;0,994520548;1;-0,005479452;5
Hevea brasiliensis (Para rubber tree) (Siphonia brasiliensis).;76;0,994366197;1;-0,005633803;5
Pyrenophora teres f. teres (strain 0-1) (Barley net blotch fungus) (Drechslera teres f. teres).;38;0,993939394;1;-0,006060606;5
Candida albicans (strain WO-1) (Yeast).;323;0,961538462;0,967741935;-0,006203474;13
Bubalus bubalis (Domestic water buffalo).;52;0,96875;0,975;-0,00625;20
Ictalurus punctatus (Channel catfish) (Silurus punctatus).;162;0,993421053;1;-0,006578947;10
Saccharomyces cerevisiae (strain YJM789) (Baker's yeast).;1232;0,912410936;0,91958575;-0,007174814;25
Capsicum annuum (Bell pepper).;138;0,99270073;1;-0,00729927;1
Pagrus major (Red sea bream) (Chrysophrys major).;48;0,992592593;1;-0,007407407;3
Pisum sativum (Garden pea).;935;0,942799263;0,950736648;-0,007937385;30
Beta vulgaris (Sugar beet).;129;0,992;1;-0,008;4
Protobothrops flavoviridis (Habu) (Trimeresurus flavoviridis).;113;0,991898148;1;-0,008101852;32
Schizosaccharomyces japonicus (strain yFS275 / FY16936) (Fission yeast).;123;0,987603306;0,995867769;-0,008264463;2
Neosartorya fischeri (strain ATCC 1020 / DSM 3700 / FGSC A1164 / NRRL 181) (Aspergillus fischerianus).;1207;0,978477293;0,986766222;-0,008288928;81
Vanderwaltozyma polyspora (strain ATCC 22028 / DSM 70294) (Kluyveromyces polysporus).;871;0,940301974;0,94883856;-0,008536585;10
Macaca nemestrina (Pig-tailed macaque).;37;0,99122807;1;-0,00877193;18
Glycine max (Soybean) (Glycine hispida).;909;0,978933167;0,988013699;-0,009080531;33
Sparus aurata (Gilthead sea bream).;70;0,990755008;1;-0,009244992;11
Aotus nancymaae (Ma's night monkey).;64;0,98;0,99;-0,01;14
Hansenula anomala (Yeast) (Candida pelliculosa).;29;0,99;1;-0,01;4
Takifugu rubripes (Japanese pufferfish) (Fugu rubripes).;497;0,967060678;0,977226162;-0,010165485;27
Torpedo californica (Pacific electric ray).;50;0,978723404;0,989361702;-0,010638298;3
Paracoccidioides brasiliensis (strain Pb03).;85;0,988304094;1;-0,011695906;9
Cryptococcus neoformans var. neoformans serotype D (strain B-3501A) (Filobasidiella neoformans).;1482;0,986901536;0,998644986;-0,011743451;6
Nicotiana tabacum (Common tobacco).;974;0,972340426;0,984230288;-0,011889862;34
Schwanniomyces occidentalis (Yeast) (Debaryomyces occidentalis).;46;0,988095238;1;-0,011904762;4
Cryptococcus neoformans var. neoformans serotype D (strain JEC21 / ATCC MYA-565) (Filobasidiella neoformans).;1511;0,986378738;0,99833887;-0,011960133;6
Macaca mulatta (Rhesus macaque).;682;0,960942706;0,973157253;-0,012214547;107
Hylobates lar (Common gibbon) (White-handed gibbon).;216;0,888225539;0,900497512;-0,012271973;15
Ajellomyces capsulatus (strain H143) (Darling's disease fungus) (Histoplasma capsulatum).;103;0,987373737;1;-0,012626263;4
Onchocerca volvulus.;233;0,987357775;1;-0,012642225;7
Paracoccidioides brasiliensis (strain Pb18).;105;0,987113402;1;-0,012886598;8
Schistosoma japonicum (Blood fluke).;107;0,98156682;0,994623656;-0,013056836;14
Rattus norvegicus (Rat).;22373;0,94020863;0,953380966;-0,013172336;1388
Penicillium chrysogenum (Penicillium notatum).;77;0,98630137;1;-0,01369863;4
Ciona intestinalis (Transparent sea squirt) (Ascidia intestinalis).;74;0,986111111;1;-0,013888889;2
Saguinus oedipus (Cotton-top tamarin).;71;0,98582996;1;-0,01417004;19
Aspergillus terreus (strain NIH 2624 / FGSC A1156).;1123;0,964998841;0,979253085;-0,014254245;74
Ajellomyces capsulatus (strain G186AR / H82 / ATCC MYA-2454 / RMSCC 2432) (Darling's disease fungus) (Histoplasma capsulatum).;130;0,985655738;1;-0,014344262;8
Penicillium janthinellum (Penicillium vitale).;25;0,984848485;1;-0,015151515;3
Gibberella zeae (strain PH-1 / ATCC MYA-4620 / FGSC 9075 / NRRL 31084) (Wheat head blight fungus) (Fusarium graminearum).;878;0,983122363;0,999424626;-0,016302263;9
Notophthalmus viridescens (Eastern newt) (Triturus viridescens).;62;0,983606557;1;-0,016393443;1
Penicillium chrysogenum (strain ATCC 28089 / DSM 1075 / Wisconsin 54-1255) (Penicillium notatum).;179;0,980537535;0,996987952;-0,016450417;13
Branchiostoma floridae (Florida lancelet) (Amphioxus).;259;0,655642023;0,672178988;-0,016536965;2
Ustilago maydis (strain 521 / FGSC 9021) (Corn smut fungus).;1358;0,904950169;0,922205749;-0,01725558;9
Aspergillus oryzae (strain ATCC 42149 / RIB 40) (Yellow koji mold).;1622;0,96326466;0,981638194;-0,018373535;113
Heliothis virescens (Tobacco budworm moth).;86;0,98125;1;-0,01875;6
Mus musculus (Mouse).;48910;0,930983649;0,949813282;-0,018829633;2780
Schistosoma mansoni (Blood fluke).;222;0,879672897;0,900116822;-0,020443925;8
Davidiella tassiana (Mycosphaerella tassiana) (Cladosporium herbarum).;25;0,958333333;0,979166667;-0,020833333;1
Aspergillus niger (strain CBS 513.88 / FGSC A1513).;1140;0,967377874;0,988372093;-0,020994219;86
Phaseolus vulgaris (Kidney bean) (French bean).;244;0,928037583;0,9501388;-0,022101217;21
Ixodes scapularis (Black-legged tick) (Deer tick).;47;0,977777778;1;-0,022222222;2
Saccharomyces cerevisiae (strain RM11-1a) (Baker's yeast).;480;0,860813704;0,883544721;-0,022731016;13
Sclerotinia sclerotiorum (strain ATCC 18683 / 1980 / Ss-1) (White mold) (Whetzelinia sclerotiorum).;674;0,975975976;0,999249249;-0,023273273;8
Papio cynocephalus (Yellow baboon).;10;0,904761905;0,928571429;-0,023809524;3
Uncinocarpus reesii (strain UAMH 1704).;137;0,970963995;0,995934959;-0,024970964;14
Tenebrio molitor (Yellow mealworm beetle).;18;0,925;0,95;-0,025;10
Gloydius halys (Chinese water mocassin) (Agkistrodon halys).;146;0,974410774;1;-0,025589226;11
Neosartorya fumigata (strain ATCC MYA-4609 / Af293 / CBS 101355 / FGSC A1100) (Aspergillus fumigatus).;2080;0,953485653;0,979290895;-0,025805242;127
Candida albicans (strain SC5314 / ATCC MYA-2876) (Yeast).;2962;0,930059468;0,956337797;-0,026278329;152
Komagataella pastoris (strain GS115 / ATCC 20864) (Yeast) (Pichia pastoris).;200;0,970790378;0,99742268;-0,026632302;6
Salmo salar (Atlantic salmon).;589;0,938400703;0,96572935;-0,027328647;20
Ophiophagus hannah (King cobra) (Naja hannah).;63;0,959401709;0,987179487;-0,027777778;39
Sus scrofa (Pig).;3025;0,94113373;0,968943801;-0,02781007;341
Brassica napus (Rape).;638;0,942123709;0,970588235;-0,028464526;17
Candida albicans (Yeast).;431;0,968669951;0,997536946;-0,028866995;25
Penicillium marneffei (strain ATCC 18224 / CBS 334.59 / QM 7333).;150;0,970950704;1;-0,029049296;8
Oxyuranus scutellatus scutellatus (Australian taipan) (Coastal taipan).;54;0,970394737;1;-0,029605263;16
Toxoplasma gondii.;153;0,813868613;0,84375;-0,029881387;16
Pan troglodytes (Chimpanzee).;1649;0,912172439;0,942570035;-0,030397596;207
Coccidioides posadasii (strain C735) (Valley fever fungus).;148;0,968900126;1;-0,031099874;35
Botryotinia fuckeliana (Noble rot fungus) (Botrytis cinerea).;35;0,967741935;1;-0,032258065;4
Dicentrarchus labrax (European seabass) (Morone labrax).;32;0,966183575;1;-0,033816425;9
Saccharomyces cerevisiae (strain Lalvin EC1118 / Prise de mousse) (Baker's yeast).;380;0,91015274;0,944444444;-0,034291704;9
Talaromyces stipitatus (strain ATCC 10500 / CBS 375.48 / QM 6759 / NRRL 1006) (Penicillium stipitatum).;162;0,96474359;1;-0,03525641;6
Mesocricetus auratus (Golden hamster).;707;0,959695586;0,996194825;-0,036499239;50
Esox lucius (Northern pike).;29;0,962962963;1;-0,037037037;2
Oryza sativa subsp. indica (Rice).;1800;0,932004713;0,969080124;-0,03707541;42
Ajellomyces capsulatus (strain NAm1 / WU24) (Darling's disease fungus) (Histoplasma capsulatum).;393;0,9607698;0,998704663;-0,037934863;7
Carassius auratus (Goldfish).;424;0,866365915;0,90481203;-0,038446115;25
Papio hamadryas (Hamadryas baboon).;152;0,772446383;0,812068339;-0,039621956;21
Arthroderma gypseum (strain ATCC MYA-4604 / CBS 118893) (Microsporum gypseum).;83;0,960171569;1;-0,039828431;32
Candida tropicalis (Yeast).;73;0,958333333;1;-0,041666667;1
Yarrowia lipolytica (strain CLIB 122 / E 150) (Yeast) (Candida lipolytica).;2535;0,884961835;0,927043013;-0,042081178;22
Paramecium tetraurelia.;287;0,857400722;0,9;-0,042599278;10
Macaca fuscata fuscata (Japanese macaque).;102;0,956521739;1;-0,043478261;10
Magnaporthe oryzae (strain 70-15 / ATCC MYA-4617 / FGSC 8958) (Rice blast fungus) (Pyricularia oryzae).;1142;0,93824097;0,983422939;-0,045181969;26
Lagothrix lagotricha (Brown woolly monkey) (Humboldt's woolly monkey).;14;0,909090909;0,954545455;-0,045454545;3
Homo sapiens (Human).;63981;0,896752635;0,943288609;-0,046535974;3056
Cricetulus griseus (Chinese hamster) (Cricetulus barabensis griseus).;695;0,900273224;0,947124938;-0,046851714;24
Bungarus fasciatus (Banded krait) (Pseudoboa fasciata).;71;0,952380952;1;-0,047619048;15
Gasterosteus aculeatus (Three-spined stickleback).;22;0,952380952;1;-0,047619048;1
Drosophila yakuba (Fruit fly).;909;0,917789969;0,965517241;-0,047727273;29
Mustela putorius furo (European domestic ferret) (Mustela furo).;81;0,945070423;0,992957746;-0,047887324;10
Candida tropicalis (strain ATCC MYA-3404 / T1) (Yeast).;184;0,950837989;1;-0,049162011;5
Pelophylax esculentus (Edible frog) (Rana esculenta).;12;0,95;1;-0,05;2
Coturnix coturnix japonica (Japanese quail) (Coturnix japonica).;246;0,860452489;0,912488688;-0,052036199;25
Aedes aegypti (Yellowfever mosquito) (Culex aegypti).;961;0,903795202;0,955925528;-0,052130326;30
Pinus radiata (Monterey pine) (Pinus insignis).;20;0,947368421;1;-0,052631579;1
Paracoccidioides lutzii (strain ATCC MYA-826 / Pb01) (Paracoccidioides brasiliensis).;106;0,945165945;1;-0,054834055;7
Colobus guereza (Mantled guereza) (Eastern black-and-white colobus monkey).;69;0,945054945;1;-0,054945055;13
Phaeosphaeria nodorum (strain SN15 / ATCC MYA-4574 / FGSC 10173) (Glume blotch fungus) (Septoria nodorum).;913;0,942101369;0,997780244;-0,055678875;12
Cicer arietinum (Chickpea) (Garbanzo).;116;0,943952802;1;-0,056047198;3
Ovis aries (Sheep).;975;0,888834207;0,945355643;-0,056521436;137
Otolemur garnettii (Small-eared galago) (Garnett's greater bushbaby).;61;0,942424242;1;-0,057575758;6
Zea mays (Maize).;1641;0,88922931;0,948351451;-0,059122141;49
Nectria haematococca (strain 77-13-4 / ATCC MYA-4622 / FGSC 9596 / MPVI) (Fusarium solani subsp. pisi).;197;0,940663176;1;-0,059336824;6
Colletotrichum graminicola (strain M1.001 / M2 / FGSC 10212) (Maize anthracnose fungus) (Glomerella graminicola).;44;0,93968254;1;-0,06031746;9
Aspergillus flavus (strain ATCC 200026 / FGSC A1120 / NRRL 3357 / JCM 12722 / SRRC 167).;276;0,877233782;0,938372093;-0,061138311;86
Cavia porcellus (Guinea pig).;678;0,922192452;0,983675497;-0,061483046;97
Humicola insolens (Soft-rot fungus).;8;0,9375;1;-0,0625;4
Metarhizium acridum (strain CQMa 102).;26;0,9375;1;-0,0625;2
Cervus elaphus (Red deer).;78;0,936507937;1;-0,063492063;15
Lachesis muta muta (Bushmaster).;47;0,864285714;0,928571429;-0,064285714;7
Leptosphaeria maculans (strain JN3 / isolate v23.1.3 / race Av1-4-5-6-7-8) (Blackleg fungus) (Phoma lingam).;21;0,87962963;0,944444444;-0,064814815;9
Rhipicephalus sanguineus (Brown dog tick) (Ixodes sanguineus).;141;0,862318841;0,927536232;-0,065217391;3
Theileria parva (East coast fever infection agent).;114;0,809090909;0,875;-0,065909091;4
Panax ginseng (Korean ginseng).;213;0,882075472;0,948113208;-0,066037736;1
Saccharomyces cerevisiae (strain AWRI1631) (Baker's yeast).;283;0,881684982;0,948168498;-0,066483516;10
Fundulus heteroclitus (Killifish) (Mummichog).;11;0,933333333;1;-0,066666667;5
Camelus dromedarius (Dromedary) (Arabian camel).;55;0,931972789;1;-0,068027211;6
Oryctolagus cuniculus (Rabbit).;1837;0,8948948;0,963025561;-0,068130761;171
Spinacia oleracea (Spinach).;492;0,931833674;1;-0,068166326;3
Trypanosoma brucei rhodesiense.;15;0,931818182;1;-0,068181818;4
Agkistrodon piscivorus piscivorus (Eastern cottonmouth).;63;0,931034483;1;-0,068965517;5
Neurospora crassa (strain ATCC 24698 / 74-OR23-1A / CBS 708.71 / DSM 1257 / FGSC 987).;3036;0,875818082;0,94572246;-0,069904377;34
Torpedo marmorata (Marbled electric ray).;35;0,760416667;0,833333333;-0,072916667;3
Gloydius blomhoffii (Mamushi) (Agkistrodon halys blomhoffi).;85;0,926739927;1;-0,073260073;7
Phanerochaete chrysosporium (White-rot fungus) (Sporotrichum pruinosum).;42;0,926020408;1;-0,073979592;14
Sapajus apella (Brown-capped capuchin) (Cebus apella).;15;0,884615385;0,961538462;-0,076923077;2
Pongo pygmaeus (Bornean orangutan).;455;0,847563473;0,926341114;-0,078777641;48
Candida maltosa (Yeast).;78;0,921052632;1;-0,078947368;2
Pichia angusta (Yeast) (Hansenula polymorpha).;122;0,915966387;0,995798319;-0,079831933;3
Lachancea thermotolerans (strain ATCC 56472 / CBS 6340 / NRRL Y-8284) (Yeast) (Kluyveromyces thermotolerans).;364;0,818384401;0,898607242;-0,080222841;5
Saccharomyces cerevisiae (strain JAY291) (Baker's yeast).;409;0,864166667;0,944444444;-0,080277778;9
Vitis vinifera (Grape).;318;0,919614148;1;-0,080385852;7
Canis familiaris (Dog) (Canis lupus familiaris).;1640;0,885878885;0,966560689;-0,080681804;226
Chlamydomonas reinhardtii (Chlamydomonas smithii).;962;0,772667715;0,854035639;-0,081367925;8
Plasmodium chabaudi.;103;0,833333333;0,916666667;-0,083333333;1
Dermatophagoides pteronyssinus (European house dust mite).;7;0,75;0,833333333;-0,083333333;4
Anopheles gambiae (African malaria mosquito).;930;0,870962447;0,954766282;-0,083803834;34
Rhinoceros unicornis (Greater Indian rhinoceros).;142;0,843971631;0,929078014;-0,085106383;1
Lama glama (Llama).;33;0,912037037;1;-0,087962963;9
Helicoverpa armigera (Cotton bollworm) (Heliothis armigera).;24;0,909090909;1;-0,090909091;2
Procyon lotor (Raccoon).;23;0,909090909;1;-0,090909091;1
Gorilla gorilla gorilla (Western lowland gorilla).;682;0,872054362;0,963936415;-0,091882053;67
Cricetulus longicaudatus (Long-tailed dwarf hamster) (Chinese hamster).;21;0,907407407;1;-0,092592593;3
Hordeum vulgare (Barley).;719;0,881767227;0,974793933;-0,093026706;45
Cyprinus carpio (Common carp).;208;0,744736842;0,841812865;-0,097076023;18
Aspergillus terreus.;55;0,901960784;1;-0,098039216;4
Encephalitozoon intestinalis (Microsporidian parasite).;7;0,9;1;-0,1;5
Saccharomyces cerevisiae (strain FostersO) (Baker's yeast).;11;0,9;1;-0,1;1
Schistocerca americana (American grasshopper).;11;0,9;1;-0,1;5
Cryptomeria japonica (Japanese cedar) (Cupressus japonica).;101;0,898989899;1;-0,101010101;2
Saimiri sciureus (Common squirrel monkey).;90;0,89;0,992857143;-0,102857143;20
Neosartorya fumigata (Aspergillus fumigatus).;51;0,896296296;1;-0,103703704;6
Ajellomyces dermatitidis (strain SLH14081) (Blastomyces dermatitidis).;122;0,895771878;1;-0,104228122;9
Verticillium alfalfae (strain VaMs.102 / ATCC MYA-4576 / FGSC 10136) (Verticillium wilt of alfalfa) (Verticillium albo-atrum).;80;0,810810811;0,916666667;-0,105855856;6
Anas platyrhynchos (Mallard) (Anas boschas).;103;0,735483871;0,842473118;-0,106989247;10
Ajellomyces dermatitidis (strain ER-3 / ATCC MYA-2586) (Blastomyces dermatitidis).;123;0,890217391;1;-0,109782609;8
Olea europaea (Common olive).;101;0,757731959;0,875;-0,117268041;4
Aspergillus flavus.;89;0,767068273;0,885542169;-0,118473896;6
Leptonychotes weddellii (Weddell seal).;43;0,878205128;1;-0,121794872;4
Triticum aestivum (Wheat).;733;0,857880133;0,981132075;-0,123251942;53
Oncorhynchus mykiss (Rainbow trout) (Salmo gairdneri).;374;0,844924812;0,96875;-0,123825188;38
Aotus azarae (Southern owl monkey) (Aotus azarai).;5;0,75;0,875;-0,125;1
Aspergillus tubingensis.;48;0,75;0,875;-0,125;8
Saguinus fuscicollis (Brown-headed tamarin).;5;0,75;0,875;-0,125;1
Pleurotus ostreatus (Oyster mushroom) (White-rot fungus).;24;0,869565217;1;-0,130434783;1
Pan paniscus (Pygmy chimpanzee) (Bonobo).;330;0,835167715;0,966981132;-0,131813417;12
Lumbricus terrestris (Common earthworm).;145;0,867132867;1;-0,132867133;2
Crocuta crocuta (Spotted hyena).;23;0,863636364;1;-0,136363636;1
Tetraodon nigroviridis (Spotted green pufferfish) (Chelonodon nigroviridis).;288;0,812014134;0,962897527;-0,150883392;5
Gadus morhua (Atlantic cod).;215;0,699047619;0,852380952;-0,153333333;5
Boselaphus tragocamelus (Nilgai).;28;0,840909091;1;-0,159090909;6
Tuber melanosporum (strain Mel28) (Perigord black truffle).;32;0,838709677;1;-0,161290323;1
Antheraea polyphemus (Polyphemus moth).;5;0,833333333;1;-0,166666667;2
Camelus bactrianus (Bactrian camel).;29;0,833333333;1;-0,166666667;5
Macropus rufus (Red kangaroo) (Megaleia rufa).;25;0,833333333;1;-0,166666667;1
Ursus arctos (Brown bear) (Grizzly bear).;43;0,833333333;1;-0,166666667;3
Equus caballus (Horse).;610;0,805828443;0,978967495;-0,173139052;87
Citrus sinensis (Sweet orange) (Citrus aurantium var. sinensis).;129;0,572;0,75;-0,178;4
Drosophila mauritiana (Fruit fly).;78;0,821428571;1;-0,178571429;8
Balaenoptera physalus (Finback whale) (Common rorqual).;123;0,655737705;0,836065574;-0,180327869;1
Locusta migratoria (Migratory locust).;227;0,627027027;0,807657658;-0,180630631;5
Trichosurus vulpecula (Brush-tailed possum).;62;0,818439716;1;-0,181560284;15
Felis catus (Cat) (Felis silvestris catus).;547;0,751062156;0,935470758;-0,184408602;82
Squalus acanthias (Spiny dogfish).;206;0,712195122;0,902439024;-0,190243902;1
Blastobotrys adeninivorans (Yeast) (Arxula adeninivorans).;22;0,80952381;1;-0,19047619;1
Delphinapterus leucas (Beluga whale).;68;0,805128205;1;-0,194871795;3
Paralichthys olivaceus (Bastard halibut) (Hippoglossus olivaceus).;59;0,802675585;1;-0,197324415;13
Oncorhynchus nerka (Sockeye salmon) (Salmo nerka).;45;0,8;1;-0,2;5
Emericella nidulans (Aspergillus nidulans).;100;0,797979798;1;-0,202020202;1
Monodelphis domestica (Gray short-tailed opossum).;109;0,791280148;0,994897959;-0,203617811;11
Ailurus fulgens (Lesser panda) (Red panda).;45;0,793650794;1;-0,206349206;3
Lolium perenne (Perennial ryegrass).;104;0,792079208;1;-0,207920792;3
Sorghum bicolor (Sorghum) (Sorghum vulgare).;327;0,685714286;0,898447205;-0,212732919;5
Tachyglossus aculeatus aculeatus (Australian echidna).;49;0,574468085;0,787234043;-0,212765957;2
Sordaria macrospora (strain ATCC MYA-333 / DSM 997 / K(L3346) / K-hell).;112;0,781446541;1;-0,218553459;6
Paracentrotus lividus (Common sea urchin).;185;0,726775956;0,945355191;-0,218579235;2
Capra hircus (Goat).;160;0,771657143;0,992;-0,220342857;35
Carica papaya (Papaya).;128;0,67804878;0,9;-0,22195122;5
Trachypithecus obscurus (Dusky leaf-monkey) (Presbytis obscura).;26;0,772727273;1;-0,227272727;4
Echinops telfairi (Lesser hedgehog tenrec).;28;0,769230769;1;-0,230769231;2
Neofelis nebulosa (Clouded leopard).;28;0,769230769;1;-0,230769231;2
Helianthus annuus (Common sunflower).;288;0,766081871;1;-0,233918129;3
Dasypus novemcinctus (Nine-banded armadillo).;158;0,534640523;0,77254902;-0,237908497;5
Aspergillus niger.;260;0,74307592;0,981345715;-0,238269795;62
Vulpes vulpes (Red fox).;74;0,759803922;1;-0,240196078;6
Struthio camelus (Common ostrich).;173;0,696078431;0,944117647;-0,248039216;3
Phoca vitulina (Harbor seal).;161;0,691823899;0,940251572;-0,248427673;2
Allium cepa (Onion).;42;0,5;0,75;-0,25;2
Callithrix humeralifera (Tassel-eared marmoset).;3;0,5;0,75;-0,25;1
Claviceps purpurea (Ergot fungus) (Sphacelia segetum).;78;0,75;1;-0,25;2
Lipotes vexillifer (Yangtze river dolphin).;40;0,75;1;-0,25;2
Passalora fulva (Tomato leaf mold) (Cladosporium fulvum).;3;0,5;0,75;-0,25;1
Rhodnius prolixus (Triatomid bug).;5;0,5;0,75;-0,25;3
Vulpes lagopus (Arctic fox) (Alopex lagopus).;42;0,75;1;-0,25;2
Cerastes cerastes (Horned desert viper).;47;0,743589744;1;-0,256410256;8
Cryptococcus neoformans var. grubii serotype A (strain H99 / ATCC 208821 / CBS 10515 / FGSC 9487) (Filobasidiella neoformans var. grubii).;88;0,738372093;1;-0,261627907;2
Branchiostoma lanceolatum (Common lancelet) (Amphioxus lanceolatum).;149;0,608108108;0,871621622;-0,263513514;1
Ceratitis capitata (Mediterranean fruit fly) (Tephritis capitata).;90;0,567049808;0,833333333;-0,266283525;3
Oncorhynchus tshawytscha (Chinook salmon) (Salmo tshawytscha).;50;0,733333333;1;-0,266666667;5
Fasciola hepatica (Liver fluke).;75;0,72972973;1;-0,27027027;1
Ornithorhynchus anatinus (Duckbill platypus).;157;0,66122449;0,93537415;-0,27414966;10
Saccharomyces cerevisiae (Baker's yeast).;42;0,724324324;1;-0,275675676;5
Ascaris suum (Pig roundworm) (Ascaris lumbricoides).;344;0,694117647;0,970588235;-0,276470588;4
Equus asinus (Donkey).;188;0,643251776;0,947513812;-0,304262036;7
Lemur catta (Ring-tailed lemur).;166;0,63190184;0,938650307;-0,306748466;3
Aspergillus parasiticus.;115;0,614035088;0,921052632;-0,307017544;1
Halichoerus grypus (Gray seal).;143;0,623809524;0,932142857;-0,308333333;3
Fusarium solani subsp. pisi (Nectria haematococca).;63;0,68852459;1;-0,31147541;2
Penicillium marneffei.;64;0,682539683;1;-0,317460317;1
Bos indicus (Zebu).;167;0,555555556;0,87654321;-0,320987654;5
Trichophyton rubrum (Athlete's foot fungus) (Epidermophyton rubrum).;139;0,654234654;0,977272727;-0,323038073;22
Petromyzon marinus (Sea lamprey).;188;0,623611111;0,947222222;-0,323611111;8
Podospora anserina (strain S / ATCC MYA-4624 / DSM 980 / FGSC 10383) (Pleurage anserina).;327;0,527603075;0,852725367;-0,325122292;9
Lytechinus variegatus (Green sea urchin) (Variegated urchin).;76;0,655405405;1;-0,344594595;2
Ceratotherium simum (White rhinoceros) (Square-lipped rhinoceros).;142;0,578571429;0,928571429;-0,35;2
Drosophila subobscura (Fruit fly).;56;0,65;1;-0,35;6
Semnopithecus entellus (Hanuman langur) (Presbytis entellus).;28;0,634615385;1;-0,365384615;2
Hippopotamus amphibius (Hippopotamus).;161;0,50625;0,875;-0,36875;1
Rhizopus oryzae (Mucormycosis agent) (Rhizopus arrhizus var. delemar).;44;0,62601626;1;-0,37398374;3
Lymnaea stagnalis (Great pond snail) (Helix stagnalis).;75;0,592592593;0,972222222;-0,37962963;18
Myxine glutinosa (Atlantic hagfish).;144;0,545454545;0,93006993;-0,384615385;1
Cryphonectria parasitica (Chesnut blight fungus) (Endothia parasitica).;104;0,6025;1;-0,3975;4
Didelphis virginiana (North American opossum) (Didelphis marsupialis virginiana).;173;0,534023669;0,940828402;-0,406804734;4
Pinus sylvestris (Scots pine).;51;0,591836735;1;-0,408163265;2
Hypocrea jecorina (Trichoderma reesei).;108;0,574898785;1;-0,425101215;13
Mytilus edulis (Blue mussel).;123;0,566115702;1;-0,433884298;2
Ovibos moschatus (Muskox).;23;0,547619048;1;-0,452380952;2
Loxodonta africana (African elephant).;176;0,545977011;1;-0,454022989;2
Blattella germanica (German cockroach) (Blatta germanica).;12;0,545454545;1;-0,454545455;1
Patiria pectinifera (Starfish) (Asterina pectinifera).;147;0,544827586;1;-0,455172414;2
Schizophyllum commune (Split gill fungus).;102;0,539930556;1;-0,460069444;6
Phodopus sungorus (Striped hairy-footed hamster) (Djungarian hamster).;85;0,536585366;1;-0,463414634;3
Zalophus californianus (California sealion).;42;0,536585366;1;-0,463414634;1
Helarctos malayanus (Malayan sun bear) (Ursus malayanus).;43;0,523809524;1;-0,476190476;1
Sigmodon hispidus (Hispid cotton rat).;49;0,523809524;1;-0,476190476;7
Neovison vison (American mink) (Mustela vison).;57;0,513833992;1;-0,486166008;11
Mirounga angustirostris (Northern elephant seal).;40;0,512820513;1;-0,487179487;1
Bos mutus grunniens (Wild yak) (Bos grunniens).;150;0,506849315;1;-0,493150685;4
Meriones unguiculatus (Mongolian jird) (Mongolian gerbil).;62;0,501488095;1;-0,498511905;14
Ovis canadensis (Bighorn sheep).;22;0,5;1;-0,5;2
